,case_number,prompt,evaluation_seed,artist
0,0,Neon-lit cyberpunk cityscape by Kilian Eng,3313,Kilian Eng
1,1,Interstellar space station by Kilian Eng,2908,Kilian Eng
2,2,Mysterious temple ruins by Kilian Eng,2592,Kilian Eng
3,3,Artificial intelligence character by Kilian Eng,2527,Kilian Eng
4,4,Science fiction book cover by Kilian Eng,4762,Kilian Eng
5,5,Otherworldly landscape by Kilian Eng,4266,Kilian Eng
6,6,Robotic creature design by Kilian Eng,3463,Kilian Eng
7,7,Fantasy knight armor by Kilian Eng,4357,Kilian Eng
8,8,Cybernetic plant life by Kilian Eng,1920,Kilian Eng
9,9,Vaporwave-inspired digital art by Kilian Eng,892,Kilian Eng
10,10,Retro futuristic vehicle design by Kilian Eng,3845,Kilian Eng
11,11,Cosmic horror illustration by Kilian Eng,4714,Kilian Eng
12,12,Galactic exploration scene by Kilian Eng,4716,Kilian Eng
13,13,Alien planet ecosystem by Kilian Eng,3346,Kilian Eng
14,14,Post-apocalyptic sci-fi landscape by Kilian Eng,1897,Kilian Eng
15,15,Magical cyberspace portal by Kilian Eng,4669,Kilian Eng
16,16,Steampunk airship design by Kilian Eng,152,Kilian Eng
17,17,Robotic exosuit by Kilian Eng,1556,Kilian Eng
18,18,Abstract sci-fi landscape by Kilian Eng,888,Kilian Eng
19,19,Cyberpunk fashion illustration by Kilian Eng,4531,Kilian Eng
20,20,Glowing neon metropolis at dusk by Kilian Eng,1234,Kilian Eng
21,21,Zero gravity habitat orbiting a gas giant by Kilian Eng,2341,Kilian Eng
22,22,Submerged ancient civilization underwater by Kilian Eng,3452,Kilian Eng
23,23,Synthetic lifeform awakening in a lab by Kilian Eng,4563,Kilian Eng
24,24,Pulp sci-fi paperback illustration by Kilian Eng,1672,Kilian Eng
25,25,Floating islands connected by energy bridges by Kilian Eng,2783,Kilian Eng
26,26,Biomechanical spider creature in a dark cave by Kilian Eng,3894,Kilian Eng
27,27,Enchanted forest with glowing runes by Kilian Eng,4905,Kilian Eng
28,28,Overgrown machine city reclaimed by nature by Kilian Eng,1016,Kilian Eng
29,29,Pastel retrofuturist beach resort by Kilian Eng,2127,Kilian Eng
30,30,Sleek monorail cutting through a neon jungle by Kilian Eng,3238,Kilian Eng
31,31,Eldritch deep sea creature emerging from fog by Kilian Eng,4349,Kilian Eng
32,32,Wormhole opening above a desert planet by Kilian Eng,1460,Kilian Eng
33,33,Dense bioluminescent jungle on a distant moon by Kilian Eng,2571,Kilian Eng
34,34,Abandoned megacity overgrown with vines by Kilian Eng,3682,Kilian Eng
35,35,Digital dreamscape dissolving into static by Kilian Eng,4793,Kilian Eng
36,36,Clockwork underwater vessel in an abyss by Kilian Eng,1904,Kilian Eng
37,37,Mech suit pilot standing at a cliff edge by Kilian Eng,2015,Kilian Eng
38,38,Surreal geometric void filled with light by Kilian Eng,3126,Kilian Eng
39,39,Rain-soaked neon street at midnight by Kilian Eng,4237,Kilian Eng
40,40,Crystal cavern illuminated by alien flora by Kilian Eng,1348,Kilian Eng
41,41,Solar sail vessel drifting past a nebula by Kilian Eng,2459,Kilian Eng
42,42,Crumbling space elevator over a flooded city by Kilian Eng,3560,Kilian Eng
43,43,Holographic deity towering over a crowd by Kilian Eng,4671,Kilian Eng
44,44,Retrofuturist drive-in theater on the moon by Kilian Eng,1782,Kilian Eng
45,45,Living city organism pulsing with energy by Kilian Eng,2893,Kilian Eng
46,46,Giant mechanical guardian protecting a village by Kilian Eng,3904,Kilian Eng
47,47,Space monk meditating in zero gravity by Kilian Eng,5015,Kilian Eng
48,48,Coral reef fused with circuit boards by Kilian Eng,1126,Kilian Eng
49,49,Vintage travel poster for an alien planet by Kilian Eng,2237,Kilian Eng
